Mining Pool Name,Mining Pool Link,TX hash,Timestamp,Date
AntPool,https://www.antpool.com/,c436dc81398b26da441a9e09e70df51be128a5fa88f36d61206297d72088f59f,1730670182,2024-11-03
AntPool,https://www.antpool.com/,78013b7bd06b098e8c477d662e84b890a64fe4ab57df87f04d937af01534a038,1730670190,2024-11-03
Foundry USA,https://foundrydigital.com/,1eb1319dbc6f0520262306a46b92073e94bb3b525092b423b0f1891e7d860459,1730670925,2024-11-03
F2Pool,https://www.f2pool.com/,1e0bca6f4be58c981b2030146b54ff3ac388f6e8b6dcbc85e7ba3de7defda553,1730671911,2024-11-03
Foundry USA,https://foundrydigital.com/,69e129fe60baae3fb9046a51817485d9712d90e744e092ba98e4bd8769db4b6c,1730672583,2024-11-03
Foundry USA,https://foundrydigital.com/,d76a518eb094d071767921a5c67afaefb2e87ed43e9014393d58b4846c462450,1730673205,2024-11-03
AntPool,https://www.antpool.com/,99bf8fc0e8e9dc078369d65420e868e467610e571c7b7a3d354bab5add6a2e36,1730673349,2024-11-03
Foundry USA,https://foundrydigital.com/,d5c799b33a8084880004fd7d82b1d54c85462ca3fe261cee00485675a6887aa6,1730673660,2024-11-03
Foundry USA,https://foundrydigital.com/,84782d997614e4a1d478e999eb997e3c5deb3b135f1cbe053f90ce54e2406d46,1730673909,2024-11-03
Foundry USA,https://foundrydigital.com/,9ba78c41db04b0cf2cc6cdb1e805768517a07e246f750c5b1ee4959cb983d215,1730674189,2024-11-03
Foundry USA,https://foundrydigital.com/,ff85310722747a89313617f5cdb47a2e9d0732c4c67b57f27a5424d1979ae394,1730674804,2024-11-03
Foundry USA,https://foundrydigital.com/,5163d905fec54a0c5c924489401673deaf15c46e9ed47ceb60fd5c55b06bd084,1730674978,2024-11-03
,,f13a747cefdd1b37ef07c86e1ba455a03bc8e5a258419def7d57442bb56e88fa,1730675003,2024-11-03
Luxor,https://mining.luxor.tech,76e6dec770e3b7d4993777088c6b7a7b1ae0246b538c47474a491b6507dc74d9,1730675779,2024-11-03
AntPool,https://www.antpool.com/,0cb20fec525a9688e1266c6828e078d13c27835ab2b7695e4bcb282c2a8862a1,1730676226,2024-11-03
ViaBTC,https://viabtc.com,ae2002d94c8089c82e3d11406deca4935b4aba2b4b0b02ead34cb9e43fc287be,1730677144,2024-11-03
Foundry USA,https://foundrydigital.com/,5d3365c0cbaa5f14a33d92ec8b8ee8adc8bcee341af253223b52751778867f14,1730678024,2024-11-03
Poolin,https://www.poolin.com/,a0ec7c6fee1af13a45e5f2b2fc97d3dd666a1d531989807797376ed5d8222cd0,1730678274,2024-11-03
Foundry USA,https://foundrydigital.com/,d419732d69dc97c808ffe3f905592b931655ab4b8d8ec9a474658158599a116f,1730678490,2024-11-04
Luxor,https://mining.luxor.tech,ce9dbaac5c87a75cdf5ea771ecd227e329df1b83a389da5c6f8d798245294936,1730678970,2024-11-04
ViaBTC,https://viabtc.com,56cbbc619f17c9937c2cba73b782b6f1fa8a31586ff5fd639e92cd27bb3b2b63,1730679160,2024-11-04
F2Pool,https://www.f2pool.com/,9c216caf7946e9940ff0a4c2d56edaf8e8d4b7ca3e5a342024a75f40010cbc93,1730679327,2024-11-04
,,b741ac4d4e4b3877e22e01a62c60fa8c62958bf2cdf9bf75f6bb30bf0f4866b0,1730679949,2024-11-04
AntPool,https://www.antpool.com/,8d2a7f03929ba2af068187dfb48b0353f6db05452397666a0e938267edde8962,1730680388,2024-11-04
Foundry USA,https://foundrydigital.com/,ea175b3cee2c09e350a303683afbbd87e7ebb16018ece2b321eb61d647335493,1730680617,2024-11-04
AntPool,https://www.antpool.com/,9496065c6adedbcfe3d9ef21dfc99bb536eb73de1a3b89440e6431dbb612f31c,1730681482,2024-11-04
F2Pool,https://www.f2pool.com/,5abe96f8f1189d73216e7eb036069bd24622cf61bebf3abe082dfbbfa7eb9331,1730683207,2024-11-04
ViaBTC,https://viabtc.com,fe4f6c63c360715895555befc239afc620128d477b21a5fa73c0ed5e7012ed17,1730683660,2024-11-04
Foundry USA,https://foundrydigital.com/,9412ea17b156fe3241025be9b68a9a19f8326c7ffbd0b0524c2db0cf36574831,1730683747,2024-11-04
Foundry USA,https://foundrydigital.com/,04436ebb379e941b48c371c8c6fc53c9c6218bf54ae073762ffb44efb85b3b05,1730684225,2024-11-04
ViaBTC,https://viabtc.com,1fd868391c06fc33994ef376ddecf82872cf158a5a5443684cf254a3fb945172,1730685275,2024-11-04
Foundry USA,https://foundrydigital.com/,7820e11a83e8b18e7e2b68c27d1a69eb8d99088cd9ad37e6cd077fff7437ca77,1730685475,2024-11-04
Foundry USA,https://foundrydigital.com/,d16055001a9e9d83d70b75a63747857f00a615fbf62b6edad10094493f20b8d9,1730685773,2024-11-04
Luxor,https://mining.luxor.tech,03c9568a383c953f951c6bf6c6ce353e98dc39ded0b46c790fe9fb8b2edd4db8,1730685854,2024-11-04
Foundry USA,https://foundrydigital.com/,8bde7200e1c940212616ba363bdf35bb8b95ac2090c68af750abf38e863fa48d,1730686456,2024-11-04
Luxor,https://mining.luxor.tech,6535041b5dee458c93c9cbf03f84c1b19585a02a2453909559efdbb023af4678,1730687531,2024-11-04
AntPool,https://www.antpool.com/,191baff5d1082c4261ee3e5d9b52a7012ce0982b3a96c28fbe6912fceb6f6b81,1730688066,2024-11-04
Foundry USA,https://foundrydigital.com/,fbb5b0da19da7cfd24b9536614df465d329eccd5c013a68cb13983f6b22260e4,1730688194,2024-11-04
AntPool,https://www.antpool.com/,a98d59775469c7887ecf52937d6b1f112894c0fa08dabb60f8980033af5742c3,1730689259,2024-11-04
Foundry USA,https://foundrydigital.com/,3c943b8f4d9cd6ec7d4c5a24d1ddaf0c450e0f6618b751360662d720d9c688ca,1730689464,2024-11-04
SecPool,https://www.secpool.com/,be717056ccd1dcbff6e21ad2b0e35d7e1c40a6528cf7d4d9fcb1d1908639521d,1730689853,2024-11-04
AntPool,https://www.antpool.com/,72bbab80fb9c79161d6d556da5a889cef041e50f5978f9c1c452acd8ab5c179a,1730690172,2024-11-04
,,a6e9fc737ef63772e12c4cfe158d4aee9af70d085df5555f8ec2279ba0e6f4a2,1730690476,2024-11-04
AntPool,https://www.antpool.com/,b864d80e9dcc4ac7ad33f3c3aa906d679e5d1e75dffc8d834503fe2fd8aa97cf,1730691044,2024-11-04
SpiderPool,https://www.spiderpool.com/,2fbe3f75cc1a5484d00456d05753bbcdc5c7cd0bb9171973caf459525408bed9,1730691130,2024-11-04
SpiderPool,https://www.spiderpool.com/,dba4a253f796ac5a5fafac24f883d1bdd6a573c04385036ccde72807255c2941,1730691862,2024-11-04
AntPool,https://www.antpool.com/,9ca5a41dc0f5367743ad4be71279387d40e48a69213212aa2583a13904e5b62d,1730693003,2024-11-04
F2Pool,https://www.f2pool.com/,8b1f27e3097c4aa2da073be295b847c70a037dd1be2e40f288eae2bcfb39ce5c,1730693519,2024-11-04
Foundry USA,https://foundrydigital.com/,454e58e5d10555d765c2712205495b0a2c422172fd6066661bec00e7badc5149,1730694085,2024-11-04
AntPool,https://www.antpool.com/,867fbca35895c2a424423be47007c4053a3c19d011a866303c7d9c29a461791b,1730694119,2024-11-04
ViaBTC,https://viabtc.com,dd61a0b788fc3272b8829e4523297f2b849cdb3d0f722af5df6e971c493ab73a,1730695182,2024-11-04
F2Pool,https://www.f2pool.com/,95e41d758cc86da614ed3d410d82d82777d114526b05ff1609b464c6e705e1ca,1730695356,2024-11-04
,,8098fc3ce982bb8ddb851025090434da58d3b2751b4fdfe4d7f817e6f8e4e4a8,1730696428,2024-11-04
AntPool,https://www.antpool.com/,8528e5db7898685bc572fd6aaeab797c055a95d137f902cc1eb3d24a044a9bb3,1730698258,2024-11-04
Foundry USA,https://foundrydigital.com/,baf216daac67956719823b733a352a725d6c76268d7d45d4cb252017fcbcf429,1730699014,2024-11-04
ViaBTC,https://viabtc.com,655bd24fb68d79daa88469adfc3545d187657ae8e6c3510d08e0bff0599bb0ae,1730700365,2024-11-04
,,8c2e70da10748db662d6cad28ea470772e876e12124bae92e799e3497bbfa0fb,1730700641,2024-11-04
Foundry USA,https://foundrydigital.com/,db551232ad8a21f5b737ceb1d6f4762dbe5ea9f13760a91fe499ba9b07baf623,1730702072,2024-11-04
F2Pool,https://www.f2pool.com/,c5d33a12a4c148596bed5d2cc6960f2636178463962bd8e59ccb930c331f59b0,1730702305,2024-11-04
Foundry USA,https://foundrydigital.com/,f52821f26047b90ed08f1ab12d8b725111c86a3b68863699d3aa6497250d5c30,1730702627,2024-11-04
AntPool,https://www.antpool.com/,c9b87db55e4243c593af21899785f2bbaafc17298b96db7fda86cdcd999b89ce,1730702836,2024-11-04
Foundry USA,https://foundrydigital.com/,f2ca59d33b5b6ed907c5eb7b5a28a7c97177335d005b3684179e12abac67ee44,1730703012,2024-11-04
Foundry USA,https://foundrydigital.com/,be93f1846881e3d9d4ab13a56b516e93f5e6d8639ad96fa8d25e7e44dedf6aa4,1730705168,2024-11-04
AntPool,https://www.antpool.com/,581e7684cfed170261e35611bcaed89f9a1bde914c275b896319a0789e5bb179,1730707175,2024-11-04
SecPool,https://www.secpool.com/,483e3c0166e5331d2463124692a87960f002f488393e6cc85b9677dfb5112282,1730708068,2024-11-04
ViaBTC,https://viabtc.com,d96600610dad5b0281730853bb6757983e1a725885de12468ffec3def698f5bf,1730708826,2024-11-04
AntPool,https://www.antpool.com/,8c464533059dd8b15c2305d21f8892f0e15de6c0afc828595233674f029e291c,1730709309,2024-11-04
,,1f3ba2a6bd6ecd5f0e678ba006f56c40e5829cc02abff5304013db37d211549c,1730709704,2024-11-04
Foundry USA,https://foundrydigital.com/,7011a7bdaf8b042352a935dd48751ba806d9009a61043f5ffe826fb5ca2d6faf,1730709780,2024-11-04
AntPool,https://www.antpool.com/,563aaa5699eda3bcff7c412fb9c1d45c67f9a0c74f686466d213d8d1e6a9ad8e,1730710548,2024-11-04
SpiderPool,https://www.spiderpool.com/,75c43647310237ebc8764b136af746873ae1953322f401d0a794ea37d5f3e41b,1730711238,2024-11-04
AntPool,https://www.antpool.com/,7fb972e3cc17b0855c17cc387b2a6090d3f04b36ce5a2c6b0ad83291d19b9b41,1730711796,2024-11-04
F2Pool,https://www.f2pool.com/,53843ca626e262d7960c8560229357aca16980b34ea0f3afaada4162a549d8f5,1730711810,2024-11-04
Ocean.xyz,https://ocean.xyz/,3ee843d1031bdc923b145130fa68d582df7509a7f0599d902075f2d097b22745,1730712481,2024-11-04
AntPool,https://www.antpool.com/,0637f900c9042610b97b66497f7a86d93bc43fbb538f2b16984fd64510765ee6,1730713256,2024-11-04
Luxor,https://mining.luxor.tech,68fb3981ab95bfc89d86672be3598e226f36a924c3c3ea3acc6882d870633cbe,1730713739,2024-11-04
SecPool,https://www.secpool.com/,933ebe7aaf7007572bc9f412e1b153e5eb205f1b3f0b318d2f682aa6dbea10ec,1730714132,2024-11-04
AntPool,https://www.antpool.com/,309d4166c27cb49e83641740cddc75b5690dd4967ae37b716811bb38ce0e6f1b,1730714236,2024-11-04
Foundry USA,https://foundrydigital.com/,2e9d063c32df8e90bc2e221acaceaaf82a84aade0f667081ff8167565eff209f,1730714297,2024-11-04
Foundry USA,https://foundrydigital.com/,dcd3b36d7417425ea11c7a52990710f1334a1fbb97a2c935c1cc1e0ec4278b12,1730714576,2024-11-04
Foundry USA,https://foundrydigital.com/,1b036a9757ca6183d69ab8cc2587c768031f72e8a0d3d20802d1512fe312416b,1730715476,2024-11-04
F2Pool,https://www.f2pool.com/,491558f8a33f9ecc668843c0fb0a33e124a8b674c6dffd482bfbb635924138ab,1730715552,2024-11-04
F2Pool,https://www.f2pool.com/,75c028cb51d170bc1caf90118f1f351d029cb8f64ad90c37256bc66384966193,1730715574,2024-11-04
Foundry USA,https://foundrydigital.com/,d6dd03c5e97dd514303e442b5e6a858d90055ba355c03286f1519f84de8fe9c4,1730715579,2024-11-04
Foundry USA,https://foundrydigital.com/,db14c8f812339ddd595689b00e912c10ce3ce2f53a528eb11cf9a0fd6ebd6672,1730715877,2024-11-04
ViaBTC,https://viabtc.com,eeecf51ab2a889e53159b3e8bb754ca53b84e982fcb021ce967c07427ff60dac,1730715945,2024-11-04
F2Pool,https://www.f2pool.com/,5200ee2294d77eb85cec3523874e270281fd94018079b69c1703253ea9e30d6c,1730716040,2024-11-04
F2Pool,https://www.f2pool.com/,8efd2aaad2a98b4dcdb2d5b9cb9d66f22faab52575fa0d43ad7be0a90ffa4521,1730717454,2024-11-04
AntPool,https://www.antpool.com/,f30b310156cd86e325356a22cbd6f8c3ac2cdef705d24df3638b8b1adfe4f5f4,1730717962,2024-11-04
ViaBTC,https://viabtc.com,8e3f960b708620e5907d6ba08ed5344f773d3a2479931fe1a1da549321cc5ff3,1730717967,2024-11-04
Foundry USA,https://foundrydigital.com/,9990a5b1d1cb1a87eff43edb1062be6524432ceac95b7eb4df5017e09ded4c3f,1730718200,2024-11-04
,,656b317a588b64eb47bd39ffdd636c03917119c12aeafeeedd16870e9abbf66c,1730718496,2024-11-04
Foundry USA,https://foundrydigital.com/,87a2db01b6139acf17a49e537e712f1548cc426cb2f60751c7479fd7378dfc92,1730718517,2024-11-04
F2Pool,https://www.f2pool.com/,6cb36fe3a64aa680c200a0ffa51fe974d2c096ab282beae1c3b947a6819ec5c6,1730719240,2024-11-04
SpiderPool,https://www.spiderpool.com/,a7af6deba938233f157a871bf444ff299640c51da4c8ff6f2fa08d9952b44faf,1730719311,2024-11-04
F2Pool,https://www.f2pool.com/,46d1aedb006d0aba3a395a0751b9c606c0991d55919cdfcbb9be92bc62812204,1730719458,2024-11-04
ViaBTC,https://viabtc.com,9767a8424669a0ac7316c15e42ddfbb8e14339520930b5b5580a14f6bff87cea,1730720157,2024-11-04
F2Pool,https://www.f2pool.com/,382af6105609766dd3f85d443754d6996b2cdc70cc0a503df2bbe34fc6615652,1730720623,2024-11-04
SecPool,https://www.secpool.com/,d9fcf66b2f4a8e970d2a9934dca6350980ee6d4c04617913d319a52b286c7c7b,1730723775,2024-11-04
F2Pool,https://www.f2pool.com/,513433fd6dce4127f3454bc9a465f1226c49f3194a37755b689702e1e8e33464,1730723894,2024-11-04
Foundry USA,https://foundrydigital.com/,a7f3ff67fed3750c640d9f3cf4613ef1df4cdfc8806958e570c6fe193dab6c46,1730725388,2024-11-04
ViaBTC,https://viabtc.com,5d9f3ac9068d83c2445082b4856cf6a822aaeb17da1d0d9272d29fab25a9d6e9,1730726457,2024-11-04
AntPool,https://www.antpool.com/,bdaadba1be62c0030f14420db85ecd025807cda25825f593dbb64b7912cd3fe1,1730727556,2024-11-04
AntPool,https://www.antpool.com/,6a70f382ff9d8c2dc4434975c2f309ec4af7f4103e63bf788d9d7c21031992e5,1730728235,2024-11-04
ViaBTC,https://viabtc.com,f28f10a3ab90f008838a07a91bfdaab40db404b8502aaf7c1154ec3605b60f68,1730728330,2024-11-04
Foundry USA,https://foundrydigital.com/,14baca2060b61adf9c6461882e8a7751fb9ea72566870c9b565f7a14002e6965,1730728410,2024-11-04
Foundry USA,https://foundrydigital.com/,020770cf0d3ae8fba66b4e53b39684dd2e6032e673ab1b56c4bb79d2e04e68c6,1730728577,2024-11-04
AntPool,https://www.antpool.com/,54a98a87f0322c40652ef2a23bb8febcf2f0da5b8865af95279f4502e7a796d2,1730728750,2024-11-04
,,6c62b07599b89b751f9e05a5fe888f35af5f3cd556b58ed80ef0dec36000772c,1730729363,2024-11-04
Luxor,https://mining.luxor.tech,5c1265b1b5620f1207608c52782cc40531c56ef8d13ec480193056a02cdd8eab,1730730079,2024-11-04
AntPool,https://www.antpool.com/,1b69c12b9d1a96a3822402a8f679269d1c90292a354e884bb053633371e66ce3,1730730884,2024-11-04
AntPool,https://www.antpool.com/,cd3ccfbed1667ae8e7c108c7c2dfc73835b67bbfbd7efdf33b237bf71c186569,1730731242,2024-11-04
ViaBTC,https://viabtc.com,6671e808de4addb1482527a0d7fd3bb195ad27b74da28cce5156e33260f8e3c9,1730733351,2024-11-04
Foundry USA,https://foundrydigital.com/,7a38e235be56b92f5b9989917b21e27409db9f8f3bd3883440527272f69ddf7e,1730733369,2024-11-04
F2Pool,https://www.f2pool.com/,8b63f297aa76b48716bd975842c7f4bdb7b0f05365a62bf0c84d91752c3c8a1a,1730733903,2024-11-04
AntPool,https://www.antpool.com/,a38e337f6bb5f2568d893105af3ffafe5711fea2596f9834b0d1b336313cb768,1730734408,2024-11-04
ViaBTC,https://viabtc.com,794de3eccca6792fb8aa51232772cc7166fef8b2a34afb08f308f1e88ed0faaa,1730734577,2024-11-04
AntPool,https://www.antpool.com/,9cb650cc40d71877314d4b0c3492243c9ac629d639e4dab06f395709e2bbd4d3,1730734631,2024-11-04
AntPool,https://www.antpool.com/,ea516ee3135c0e2a5bcff6cc6f87fea1a5c65339af9e727a1ac4c137865c7cd4,1730735820,2024-11-04
AntPool,https://www.antpool.com/,8ae94033fc54a22960be2889dbb2181731dcc23484e2a8c297356fa3dedccfa9,1730737142,2024-11-04
AntPool,https://www.antpool.com/,abd4cba497b9798834d6c3316a855cf5aff19b115d5e41d0b616f3054893ef83,1730737340,2024-11-04
Foundry USA,https://foundrydigital.com/,17848cec8724c04daef31006cbdc12d5e040056349278530b2f2707c9e781509,1730737537,2024-11-04
AntPool,https://www.antpool.com/,1ed9214ea0dec0407c36de0504c3e86d7a53d964d78ca1636ddd6aa22a05b057,1730738630,2024-11-04
ViaBTC,https://viabtc.com,a30a734caca7ef18a5afa98feec6f1b40eda002a7932cf050f68fa7387bf3d8d,1730739190,2024-11-04
,,7a501fa3960de24dae4b15b4bfbe5d5925e0840adca6255e2416553745debcc4,1730740039,2024-11-04
SecPool,https://www.secpool.com/,418ef3df9ddbcc0c16dd0dcfa80c53e17375b6ed9099edb806915a00fd389cae,1730740961,2024-11-04
Foundry USA,https://foundrydigital.com/,431649517a801b1b3c750ff85fca3a7cda8fcc1250f70fe7eb9b29e41b494b19,1730741024,2024-11-04
Foundry USA,https://foundrydigital.com/,1c71cdf5a8e1566ad9dd89262efa8db18738c798519f20c760ccb722bc51def3,1730741598,2024-11-04
Foundry USA,https://foundrydigital.com/,cafb48240d877f12813a08edf37165fe305d1ce924580fd7710e7698279d14b8,1730742219,2024-11-04
AntPool,https://www.antpool.com/,25a4a148e91ee9b0fed9196842680b7a88a9eb79bac3a5259fdfd52238353f9d,1730742526,2024-11-04
AntPool,https://www.antpool.com/,e913fb9c6c94126168d385861cb12f9c75430dcf5997ee56dc39f7a191089a0a,1730743136,2024-11-04
AntPool,https://www.antpool.com/,bbb1ff1c9c2672fb6d4f02b2650b37407c8484bdf8fc15e1f2412b80b5191c4f,1730743230,2024-11-04
AntPool,https://www.antpool.com/,e0601caafc9c0854be154681c7ceb4c9d0eab10babda862418fba12bf1207651,1730744125,2024-11-04
Foundry USA,https://foundrydigital.com/,24e27b2a3c24290b2b9cbeef669ff021fc61ae9138c71255bdd8d5fad3cef0ec,1730744456,2024-11-04
,,c8e68a78673bb7026f761b389445f47b8a83ff1764c7b39b425f3ea1313ae8e3,1730744520,2024-11-04
AntPool,https://www.antpool.com/,a5c0fce0c6c3e38755bd2c78fa90d77dd6a3aaf0419cecea54969bea9811b8bb,1730744803,2024-11-04
,,4d986eddb25e5f3bc134107003afd76dece93128a04bb20a623f3de1f7f5cdb0,1730746535,2024-11-04
Foundry USA,https://foundrydigital.com/,50cbff917527ebd765b7e4e313aa6a98b21189e56ef0ab034e52f6f73c22aa94,1730746887,2024-11-04
AntPool,https://www.antpool.com/,5fc7aaf732cc0a1b03715a062c067922ba9f409dba7dff5ef56510b94ae97b86,1730748643,2024-11-04
F2Pool,https://www.f2pool.com/,84e12e160eb22b8c32b57241623e47dd8dda1b62078dcf2191d7ba05092b28c6,1730749490,2024-11-04
AntPool,https://www.antpool.com/,e9ed8a35e01824145b9ea10dbacaaa37d9ca75ad8c680d43318446842ae1fb43,1730749603,2024-11-04
Foundry USA,https://foundrydigital.com/,a512cc3882c547e2422bba74425ed6d05a4d07b2dd4ef5bee9accea908c0fe97,1730749870,2024-11-04
AntPool,https://www.antpool.com/,95cf69cea3ff430932a2537a8a7d98c4ad289564bfb85a2c3fe1d379db546b31,1730750039,2024-11-04
SpiderPool,https://www.spiderpool.com/,a04448e1da3d629b13b9a353279a80a38b227c3f0816ccfc4bded064a3c6dbab,1730750376,2024-11-04
,,66c6dfe620fac4112fa3afd7719e036eb7e21ad4f6b055c6098c794005c195bb,1730750969,2024-11-04
SpiderPool,https://www.spiderpool.com/,67162935f67b0eb6151e67e20c1e1bcd029fbecf0e4de21de7172e3eb0e8bfda,1730751520,2024-11-04
AntPool,https://www.antpool.com/,ba5b9dcc5f7664bf84f004a638fcd7ac3813bb9467e009288f02a32f1e472c8e,1730751896,2024-11-04
Foundry USA,https://foundrydigital.com/,590428b55cec81d5e8cb6512826748c3bcf9622d22bf398e74d799b481de6451,1730752372,2024-11-04
AntPool,https://www.antpool.com/,c67b6cb1b2d7b4e11ced957d92abcbc189ef31de8814cd85d1675f0c094944a7,1730752671,2024-11-04
Foundry USA,https://foundrydigital.com/,becfe274f55aeaa1c6d433a4cbb56ef92d9c4f0cdd64c629015051d4b0ee3ab7,1730752965,2024-11-04
F2Pool,https://www.f2pool.com/,5b62fd99499bacfb5486ac0f3f14badf0f1cd8b3244b85b96df953bf66a95561,1730753585,2024-11-04
Foundry USA,https://foundrydigital.com/,03a0b7c3fae9e19fc4d49358870e5a50ce3dd07fd0b8107be96abb53e0377e0e,1730753931,2024-11-04
Foundry USA,https://foundrydigital.com/,8713f285d259d49101484c3412deba5bf0e2a41698a90b95e652c841592c8945,1730753944,2024-11-04
ViaBTC,https://viabtc.com,418ad63b6fac3f4164c0b396099689299ef53659dba373f81fd1f12a66a558d6,1730753980,2024-11-04
AntPool,https://www.antpool.com/,64ac9f1b551b2c4f9c8671ec6176c944bbde79ec8426beed8393761de2a02a5c,1730754710,2024-11-04
Foundry USA,https://foundrydigital.com/,3b44d2a769b0d01d55f77b892aa7e0c95f0cc1af38e43df25b3753b4a9e077fe,1730755193,2024-11-04
AntPool,https://www.antpool.com/,0f73b52fa6a16b09315403ac5d1291d827ff74cefb86e10131edf2b1a47ee8a1,1730755882,2024-11-04
BTCC,https://pool.btcc.com/,fd0da344e82c540f22633fd5997b16b3544a6934dc8609f5674bc1a84ab8628a,1730756031,2024-11-04
Foundry USA,https://foundrydigital.com/,4fee7f7e8ca70818ec18935f7e252cf4d1b23cf75d691f8ab7cbcdf92b9d73fb,1730756304,2024-11-04
ViaBTC,https://viabtc.com,e5bed569487a12079c91cc886eb78bb74b02ce37926d065bcc003aa91b937c6d,1730757893,2024-11-04
Foundry USA,https://foundrydigital.com/,7da373e7793393c30cec1c937191a28f13f2ba70ce05dcbf099bb6e1776b3586,1730758810,2024-11-04
,,a44d5103f083dd7bb487d52f938836c4b1213558614b86d2662221ba4bd461af,1730759288,2024-11-04
SecPool,https://www.secpool.com/,1832f8766718e7beb4440d49d849ed12dfd5555eb821c822a107faa180c8ccd6,1730759945,2024-11-04
,,b110c2013da2ea41ed40811dd6801d69e3d9a514442ba6c8615d6a03223d075f,1730760139,2024-11-04
,,0d119e4e831c2f383d808a9ca556e73efbf7c3b3b67af6defe50c090edbd7323,1730760484,2024-11-04
AntPool,https://www.antpool.com/,93af14edb088aea12f96ea7b0226f5f4e030753609e56425ede636dc459687aa,1730762004,2024-11-04
AntPool,https://www.antpool.com/,943eef6a48178aef43b26287b387a422abf7d1e15f281b0fd09dcf49a0217170,1730762053,2024-11-04
Foundry USA,https://foundrydigital.com/,0872b77d0b007f331d8cddd0a19248dd90006adc78ba97eb1fb9104dd8ffe1f2,1730763449,2024-11-04
Foundry USA,https://foundrydigital.com/,dcd884e68602ee03a538e57a3a1065c241e588e9224aa6e5cf42775043bdaa85,1730763491,2024-11-04
Foundry USA,https://foundrydigital.com/,9a5e0ea459ac9d99d02d866fd6c403617fceb8639ad2454b23f0b09f8ee1748c,1730765178,2024-11-05
Foundry USA,https://foundrydigital.com/,ba81e29c8df3cb0838d1be33e1adaf8fcf1de38e1772c9410f142fdfb5d4c4df,1730765932,2024-11-05
ViaBTC,https://viabtc.com,5d25ca425eb607ca453c0277f016dca24503a8c887dc066479cea614fd987253,1730768258,2024-11-05
AntPool,https://www.antpool.com/,c5f7f8372836d34c893ec3acab3e22193112445de8f08c6b8b5eb8a859073106,1730768289,2024-11-05
Foundry USA,https://foundrydigital.com/,a2892f29cc8fdd7047e77f494b6c0aad794ba06bb1087044b444fbe4b51529c0,1730768677,2024-11-05
AntPool,https://www.antpool.com/,fac0097b3ca29e0b9a87e85db99773a28ca879964c08999e70bf8ce6882dcdad,1730768948,2024-11-05
,,2e5e77fcf418224aa96e675d066d9a87e08c8dc01fc700d587d608cf3d3640a3,1730772429,2024-11-05
AntPool,https://www.antpool.com/,8564187be0596f6ea201697e8c47db8a4c8c8689c7292415eb1a8df0cbae183f,1730772585,2024-11-05
Foundry USA,https://foundrydigital.com/,296f64bb0950c687fd2edf136ba702fcd5538d4f9816c738e5a26dd746d31cee,1730772776,2024-11-05
,,e0c88fd3d6d6aa67de18a9a99831d4380ecc028c3e08f5d6a9b0afb07c67295a,1730772813,2024-11-05
Foundry USA,https://foundrydigital.com/,981e8dd13e4892b673f785fdbed6a79762d30e63a06bcfb0466c805cd537e49c,1730773663,2024-11-05
Foundry USA,https://foundrydigital.com/,ef9cdc531a46ba9f27329309d544178fe805906ecdfefa23460f877cbfde433e,1730774174,2024-11-05
,,9d63b67ede6846d87f882eac89db595330c536c37c7e840bdae73fcaee477a1d,1730774829,2024-11-05
SecPool,https://www.secpool.com/,de559fd5f54efe1639613f3cd60b938a63e612577320216d88b9410ee87eaf76,1730777655,2024-11-05
BTCC,https://pool.btcc.com/,995541d6fa6447852e3741f7cb453970fc4d9440fbe5b2692319c0d891d65c80,1730778171,2024-11-05
AntPool,https://www.antpool.com/,952cd64e92f78dad8e99c7c40190087c569d4c9a1b2306fa052def910c28342e,1730778827,2024-11-05
,,968668cee9a315eb9493f77fc25968d6a1e1a9e6691cb168c4652d939ed03a33,1730779603,2024-11-05
F2Pool,https://www.f2pool.com/,961fc5a0773267a81afd93ee09ad2b0d32bfc521915a18a6d57fddf9b3467b64,1730780121,2024-11-05
Foundry USA,https://foundrydigital.com/,c3d98b0c9f13eafc8d0bc7050d839ee0bcd552f96d49f973fbff8d369dfd97ae,1730781300,2024-11-05
ViaBTC,https://viabtc.com,aad8cc9043d4f395f3ba1476c0b5bda1e2b6bce64d9591a6ef3cc3dbe964a1e9,1730781321,2024-11-05
ViaBTC,https://viabtc.com,28eaf179e751e1180eac467461139cae994d7a139f5da189efe6fe20a8322fb9,1730781384,2024-11-05
,,277bfaff91cf975376c2286980f89b427c82236e62ce1fd505411822622254fe,1730781616,2024-11-05
F2Pool,https://www.f2pool.com/,63890915c4f7c00df96eeabad7e83ddd646541ab52314394cc1e99be33c1afc3,1730782162,2024-11-05
SecPool,https://www.secpool.com/,ceb4b2c99547dd61a6d8fbb85228efc5b29b5bd4c615094c0fccb39ca40da980,1730782665,2024-11-05
AntPool,https://www.antpool.com/,fadd678dfac5e5e1e14ced5135f90a81c4c5484c38f11cc4df46a6856ee8cbd0,1730783214,2024-11-05
ViaBTC,https://viabtc.com,ae69783b737f43304b165fd37ecdeef812256329739680ff188acf518f72bb2f,1730783620,2024-11-05
AntPool,https://www.antpool.com/,6b7f6e75586cfef91cc88fc190bf71111e89126c29946fa21aae0985fc5abcbe,1730783664,2024-11-05
Foundry USA,https://foundrydigital.com/,2fef3dae0082b8096226683847d71a6a8e8940cf119e4e04ce1501af99035770,1730783754,2024-11-05
SecPool,https://www.secpool.com/,abb8bfa65cc2e46d5578aa1e978a16ee29f3a298cbf36f4a6c8e94bfbe94d410,1730783875,2024-11-05
Foundry USA,https://foundrydigital.com/,e41693cef56fc39593df22b8cce2ae4faf572119abe3b20c54411a47882dfdc2,1730784002,2024-11-05
Foundry USA,https://foundrydigital.com/,476c204c7534e7c3399ca6ed83e77bb039d8fafc148afa43d126b3c6c2bcc630,1730785108,2024-11-05
1THash,https://www.1thash.top,450d7ba0cb67d860125280acb7344f38b8b8d7cf5404b86bb80dd0e12280ec2f,1730785205,2024-11-05
BTCC,https://pool.btcc.com/,4b43b52f7e83b816839435c13fd47d939b597c321c24ca9da9a0af8eeed26f74,1730785637,2024-11-05
,,e324aca87ace19c6dd79473785043bad31258d963a26f1cf3edd0926bc40c0bf,1730786722,2024-11-05
AntPool,https://www.antpool.com/,a29e7547a7ae70221e6dd6b248b2baedd1803e81fae97478aeb2cc7f4691fe9a,1730787198,2024-11-05
F2Pool,https://www.f2pool.com/,6b5e6e626ecc9519e7e2c2d3d6f7ce706b737ba12ec3fbb67ec706572ca91755,1730787270,2024-11-05
Foundry USA,https://foundrydigital.com/,edc290979f9de9f975be9eafa230050919b1f5b724af9a34c209993e29bcb9da,1730788332,2024-11-05
,,68d6cd7701487dec6222fbcb9a277769dcaf788e3078d130549d31763af6ff27,1730788738,2024-11-05
AntPool,https://www.antpool.com/,83a6953603a75c2bbf083ad3d7186b719a3deda9142e520da9dd11aa6f70abfd,1730789289,2024-11-05
Foundry USA,https://foundrydigital.com/,22dee0fb2cd0b01197634c72a909c1bc23268d375887a69d4c4349563ee68f74,1730789485,2024-11-05
Foundry USA,https://foundrydigital.com/,213647521337123256b883bd1c89ef32c49a2ab332f1eee09e44ec8f3da4e4ae,1730790389,2024-11-05
Foundry USA,https://foundrydigital.com/,918ab70184252fd9f5e22bf74b3358f37a3d51c21c068d73e2671910d7fc62ff,1730790497,2024-11-05
,,0d67bbda8f66719fe083ef90a34bb56e9aab5f202dc21697c4e3e248c7020e6b,1730790549,2024-11-05
AntPool,https://www.antpool.com/,e921a8a419228e5576311643aa159d15b12aed4fb32caf1c7da1cc59d5b829a3,1730790608,2024-11-05
,,0074711702db522a5bb4c0a53bcebb00281797e60dcebd10b85e2ecc1ff6a067,1730790767,2024-11-05
Foundry USA,https://foundrydigital.com/,728291a95144fc1f9fcfd6b05cb07869efaebd130a948a769f8257653a693be8,1730791179,2024-11-05
Foundry USA,https://foundrydigital.com/,3252df3d781dcf6d2ee9c58ff676296667fe8ad716c587d6249df7ae82e1c28d,1730791231,2024-11-05
Foundry USA,https://foundrydigital.com/,7e659596ca97feee7b5e00499e6325e5056f912808dd868de159dd579de7a1f0,1730791964,2024-11-05
AntPool,https://www.antpool.com/,8d33bfd1920987640b54bc19cc17dcaf8815b4ab1910ac3de689d39cf75160f9,1730793122,2024-11-05
AntPool,https://www.antpool.com/,22c4ded003d00d96713b419036b577f10f8f2fb6d1feaf1e2d0d2330067eda7f,1730793274,2024-11-05
ViaBTC,https://viabtc.com,2322b3d902b48d144f1585c80b4a43542a07918014e7fb90f6fa0a1ba7bc5d8e,1730793440,2024-11-05
Foundry USA,https://foundrydigital.com/,0e5650ef24cb4c6a5e40439dd72fbc7b2c0a69f2120b7ae32428eb737668671e,1730794164,2024-11-05
,,b6e9d3a3b81b3f8c547770b107a6de5c54e0c9a9b493580b7d2be15c4b174e50,1730794315,2024-11-05
BTCC,https://pool.btcc.com/,f42da868b3454a9bee8b8c7a27894f5ffa4de7812af411f9fd6d50567a7dcfdb,1730796396,2024-11-05
AntPool,https://www.antpool.com/,b563e4a65596e326ab886462b64a2f60f78b1b66a994c9561108fd4b63fe93d8,1730797105,2024-11-05
AntPool,https://www.antpool.com/,de0e21d00bde72669300c57d716d737c8d523b5ccc1b1a300b57639977b7e25e,1730797560,2024-11-05
Ocean.xyz,https://ocean.xyz/,6e9cadbf24f6c8a092030a0ad55d47bfb9ef4f679ce919593c8e1dd06c442c11,1730798019,2024-11-05
,,6bcaa2ddea83287010565056ea6003efa055e7001a0b062f49fcc340c869ef46,1730800300,2024-11-05
AntPool,https://www.antpool.com/,5be8da84c63fdfdaf602789dede7c39e459009443083924166a314de9684a9da,1730800547,2024-11-05
AntPool,https://www.antpool.com/,e0e93e5709a0722a9cee1165d5012adca431de61975a2bb8b8233dfdd6656547,1730801022,2024-11-05
F2Pool,https://www.f2pool.com/,c635a94018705e72054b9ef183ed04a92c18e46c4cd7ccad47e5598c791cb557,1730801622,2024-11-05
Foundry USA,https://foundrydigital.com/,3ca94b05c226d935fac839dbb2d3b43ac5efc5422ee7b3abf70f39e0413e70b0,1730801885,2024-11-05
,,0df1ccffb3f5774211ef9e7ac82a2bf0a60868fd2df92404c6317e8ae2a8d368,1730802617,2024-11-05
Foundry USA,https://foundrydigital.com/,fc691b0d0ebd7523e2ce1c724f73c91985246a8cc7b83c66d6eeb9b21cd111ed,1730802727,2024-11-05
SpiderPool,https://www.spiderpool.com/,0f2d49ce89d102ab1418881ef79406149cdc065fe0e13d621a220e8308095fdf,1730802871,2024-11-05
,,742a4a7e6f03757614d69f565382cfa0bd63a80c6f5e20e14304a655d6822530,1730803593,2024-11-05
AntPool,https://www.antpool.com/,1d97c0976ccaa69595a204035e6c0dcc86cf2ca8afef11de431a9f60f53a271b,1730806527,2024-11-05
Poolin,https://www.poolin.com/,7cbf2979ef9f044be57e06e789c62130e64dbab768b233c551c0a34e663061af,1730806982,2024-11-05
AntPool,https://www.antpool.com/,651c3fb36e66e35ba62fa7860fc0ea67d59edce5730769679f4be950a89f478e,1730807348,2024-11-05
F2Pool,https://www.f2pool.com/,22d1b989e539cca959885ae8f452c192f63b1d6578f6b74c477f95000fda2db2,1730807580,2024-11-05
Foundry USA,https://foundrydigital.com/,76cd646235bb0598b716887205b4a11c6a8f27daf2d7a84e774c8cc1d7edb0c0,1730807925,2024-11-05
Foundry USA,https://foundrydigital.com/,39fe93103e6a1533087ab1ab00f5cde7fa666c2aec21c92639acb8e4caa3fa9f,1730808991,2024-11-05
Foundry USA,https://foundrydigital.com/,8c54e748189f292cedfe58b65cbd8cd4a0f4706797f7f289a6be24c76598c6b7,1730809528,2024-11-05
Foundry USA,https://foundrydigital.com/,6fa967426ea9c41af3a83abac0587d2765b16bad0616b10bb3cf286d3e0d53af,1730810794,2024-11-05
F2Pool,https://www.f2pool.com/,7256009d3c0cabd0623bca1fe743487dbf49a60c515c4b8414e923198f8c866d,1730810825,2024-11-05
Foundry USA,https://foundrydigital.com/,068f2aed8a204e3793661e7d2407dc737802c56f0e008ca52bc8cc1f8eaf9ca4,1730810888,2024-11-05
ViaBTC,https://viabtc.com,8377f34b630495e54073363d1929f6e8a8079e67192606a44d100936f5e534e2,1730812454,2024-11-05
Foundry USA,https://foundrydigital.com/,93cb92e9e0257fd0d23ae32a7d8e107f54f95a714e154f33c3ff68570f2f420f,1730813176,2024-11-05
Foundry USA,https://foundrydigital.com/,2425809282768a90adb50fc6eb2805eec7dca98e943f891488165befb964f001,1730813543,2024-11-05
,,7910bfb36f9a77ec932cb48990e39508512dbb05e496510fbe9a3fe07521526f,1730813606,2024-11-05
F2Pool,https://www.f2pool.com/,d1800a7195265c9d584ca80b40fd5d10a5528769c2d98b3864a33710d0035310,1730813681,2024-11-05
F2Pool,https://www.f2pool.com/,3f0c3831dee2b7d65422ea2baf2c18e5492e5e623128aa47bc0486d58620c5ce,1730814772,2024-11-05
,,12bb32393ba9e035cdee9b0ba65b72aeb598ab04c78542cf8f68a375944a7cc4,1730815813,2024-11-05
Foundry USA,https://foundrydigital.com/,402bc44eb52d2972230feffebc00e4d5a4f94cc00ca66c0905f005378b296b4e,1730816291,2024-11-05
F2Pool,https://www.f2pool.com/,4bb02dadce45c2bb3e2af6113b23f0d4cb8a0f19a7aed74084bd8abccd9a7616,1730816836,2024-11-05
F2Pool,https://www.f2pool.com/,eb4acbef85202243319529f740201076faed49783706f6bebea98755aa387841,1730817409,2024-11-05
AntPool,https://www.antpool.com/,2e807d823b57e89774f9c74c2c207df1af31f70fe083a886ab5ef4c8e55696eb,1730817455,2024-11-05
AntPool,https://www.antpool.com/,f5357af1f824f0de503105439009e2a8365a1ad68da03bc91a45262b66b788bf,1730817531,2024-11-05
AntPool,https://www.antpool.com/,0fe21cd579cad5e64ed4f05ecdf5c2ccd7cf847ae6546e0c8e7e3925e05940d3,1730817976,2024-11-05
ViaBTC,https://viabtc.com,243eb5120afcee71eac0e4d67fc165a69f16d41b9cb7822ad6c3a3eab6899d15,1730818337,2024-11-05
Foundry USA,https://foundrydigital.com/,762d9295a6611da8cf8d66796cd966d86e57910739fd3cc046e284fb0e885536,1730819192,2024-11-05
AntPool,https://www.antpool.com/,15c1f1f6a938439e57b31220c7e60eb0b54db9a84173c2618df0346b7121ec9c,1730819273,2024-11-05
ViaBTC,https://viabtc.com,3b41269c00d7284fcc756f82043808872337f8153658b2c43132ad1e463d69d1,1730820945,2024-11-05
ViaBTC,https://viabtc.com,db168682805f2a85d0175de20e9c758571e972ef64931b99ee9a443bebf58492,1730821463,2024-11-05
Foundry USA,https://foundrydigital.com/,5c8b76657789b37a24fcb14d9021bf17758f147477ba3fe8d61c4746d578ec7b,1730823683,2024-11-05
,,7a51b18d5a90301891b21f59fb10207fbce9395266b7383cb416def461f71e96,1730824552,2024-11-05
Foundry USA,https://foundrydigital.com/,c5b800cf3aed58e2f71f0fe7ebb85cdfcba7f397f1ff90cbaaae20becd6e4d63,1730824735,2024-11-05
AntPool,https://www.antpool.com/,97ea87f2801f3a46ebb3b8e472ded469f4bc3d5dc87b24c1b351270ad76d452c,1730825021,2024-11-05
,,55ad23a57dbf3b64bedc037c195c925ac6d16c6a5d457a09ae2fc93b8cd4631f,1730825146,2024-11-05
Foundry USA,https://foundrydigital.com/,b995f724ff09dae9af7ea4a8045e16f73b9bfe8ac00968a439f832831ab0cd37,1730825289,2024-11-05
AntPool,https://www.antpool.com/,99a9ae0404646d88314c04a00ccb47075c08ef98b45a24360a4fbd340422df51,1730825381,2024-11-05
,,44fa62b60079e96b2a7a92d2cc863f44b159a2b51d3fb9980984e47091ddb94e,1730825607,2024-11-05
Foundry USA,https://foundrydigital.com/,54688f3b8c06f2e15eac74d643c69569a9222d076a45503de01726bd4c7b8e88,1730826994,2024-11-05
AntPool,https://www.antpool.com/,f756259c1c9a79a460a3e5727ccd9ffdd2137fd19943dfa19ec58cf6c905b687,1730827324,2024-11-05
Foundry USA,https://foundrydigital.com/,1af684ab2584896de183270127937aaa6602d1bc841e5c0b4d456e981f7068cb,1730828622,2024-11-05
Foundry USA,https://foundrydigital.com/,1cb233ce887ca15f2f6985d3dda13f4ed67fb0127f7b89980b2139a859f52965,1730828687,2024-11-05
AntPool,https://www.antpool.com/,f0a31842422b36546f4df0e4601aa83771494bf8ecbb45a9cdbdbc8913189cae,1730829178,2024-11-05
AntPool,https://www.antpool.com/,b15873aade5fd3f91c4fd5b44d25364f20a10be5b6c15122ea78c05478612f2a,1730829442,2024-11-05
Foundry USA,https://foundrydigital.com/,35352e557febc0b37e16244525153d8e1f17cb5154a4e028d3946737d683aadc,1730830442,2024-11-05
ViaBTC,https://viabtc.com,6c928b411d16fd00f49b9c4a0684f56052b6ab39f8750d87cf01c726ad26ea5d,1730830801,2024-11-05
Foundry USA,https://foundrydigital.com/,e180b5eaf9371756d08ff07078f4c3ddce52e37debf0e86a94f95bd664c79e81,1730833182,2024-11-05
Foundry USA,https://foundrydigital.com/,6ed21a8fe40f137f4bd5cd20e47899c677af27e7f10eb63da3cb94a6d8dcee56,1730834199,2024-11-05
AntPool,https://www.antpool.com/,800940baec092bf080dc8e4af475eca2b606a85811af9d9d79154634838a38d8,1730834252,2024-11-05
Foundry USA,https://foundrydigital.com/,2a053d19c0156b555881b1e5cd04efd6527f2f935dfd44089847739ffbd99bb6,1730835972,2024-11-05
AntPool,https://www.antpool.com/,2db5a0c6f9c29326c5cbe9ea5b286575b084dc46cea452dab772d703c757a95b,1730835974,2024-11-05
ViaBTC,https://viabtc.com,394503e7185871d24b4a8a0c09384ecf459b8f556bba4ffcaf570e769a7f01b2,1730836400,2024-11-05
BTCC,https://pool.btcc.com/,5f275d190e063b1b3817ab165ebd41332a9da39e9896dae6b7c2931727e6ccdc,1730836623,2024-11-05
AntPool,https://www.antpool.com/,4208ddd1c817ef74691835adf3fb8814e58e1dfcc2a72e1981ea7e4eed2ad342,1730836873,2024-11-05
F2Pool,https://www.f2pool.com/,94b881b32a36f963840727804b4adae4d057dcbd5204854327b4bd9a5405c14f,1730837513,2024-11-05
,,6c22ca9a6e5cec761ddcaa987c213072239412589495c7b6efebde329f6af404,1730837695,2024-11-05
ViaBTC,https://viabtc.com,842e3fc7828097afddacbb5ccc1b352ab25031002ddb7aae420d960abeab314f,1730839089,2024-11-05
,,0b3fced16405d0beb438a5a8322e3225fd78abb0b539c7e8da230cbc30b64c29,1730840080,2024-11-05
ViaBTC,https://viabtc.com,16794b4972563cb5ed35c1570e95ff611dec70717cf670ece721ced73dff10f5,1730840435,2024-11-05
AntPool,https://www.antpool.com/,d65b633d095007584b4b9efcd0f39c59e615c015aa0adb1a2c954e8f100aabe0,1730841896,2024-11-05
Foundry USA,https://foundrydigital.com/,80b80cca3e395a83938a54759c944e772c98e1af147542c61d8c4e7b0f8282e4,1730842955,2024-11-05
Foundry USA,https://foundrydigital.com/,b44a652b706c79dfa448d8bc43f3f5d3940e5625d24f103eb14a7c7124a1d8dc,1730843184,2024-11-05
Ocean.xyz,https://ocean.xyz/,125e9b06293b086db5a3640334e03f7b0b38e1dabfea63fbbe7fe7f71fa1ae8e,1730843513,2024-11-05
Foundry USA,https://foundrydigital.com/,81b93152defb09914b6584a671e2544ac06b56d72154106b1a8dec36444a84f2,1730843779,2024-11-05
ViaBTC,https://viabtc.com,a9f5fd970d2b6157b4a6b6bd65abdf4fdc6b9c1dd952ec340b6272743e55ea17,1730844757,2024-11-05
Foundry USA,https://foundrydigital.com/,6131b27775c69a7835ac80b50c16e78fb6780829f3946b64c35e540fbc4b4322,1730845514,2024-11-05
,,e775a4fa4da457d71e2b3f1ac6dbd5c950530d3c103ae9e15d6101be3184588f,1730845556,2024-11-05
AntPool,https://www.antpool.com/,772a06662c66a5d92e0dbc48de33e8198f79fa0f1f0c63584b067b0c6f712a75,1730845560,2024-11-05
,,3eaaab6644b591458bbc7f79b2aa5c33d0eb7306973efecb17fced02427fceac,1730845576,2024-11-05
Foundry USA,https://foundrydigital.com/,2a2d217f2aedbd521a040e1e7cebb7b5320ae6bc629ee1ec3e85c164907605ce,1730846423,2024-11-05
Foundry USA,https://foundrydigital.com/,b1f3bca42420748d32211e6ebf00b4bbd0486bcb831cc48f2fb9eb6ecb438826,1730846678,2024-11-05
ViaBTC,https://viabtc.com,6aa6a264c7a745a25c64736aeab0e77604e6d6df0e8f4d3295f988a4863e1a1b,1730847322,2024-11-05
AntPool,https://www.antpool.com/,4c49abec93f4c50f9d8645a49f4833dc773f44d4a43ac2fed3cdff2e8627b04d,1730847571,2024-11-05
Foundry USA,https://foundrydigital.com/,44c1951438ba8fdcf5d2a43205d43eed95d4731e0aa4b7f96e758ad7c4dc186a,1730849629,2024-11-05
ViaBTC,https://viabtc.com,7509fd1280e561b4117652f3ff4b503e0ba8850ba86d5872ed1c90814135dd91,1730850405,2024-11-05
SpiderPool,https://www.spiderpool.com/,fb14719a972eda4c4c611eec4f7216de4775dbbff9b70b9d7416d8866cc8ea37,1730851618,2024-11-06
Foundry USA,https://foundrydigital.com/,34326a1e5d460ee302d74b3ab4ab43999de380282fac9d419d0244385a072a38,1730852395,2024-11-06
AntPool,https://www.antpool.com/,c785319d25b07ae693f7757991dfa445021390f3d60f017470a535ab7e256c53,1730852704,2024-11-06
AntPool,https://www.antpool.com/,f14bab91af6e4be3dcd0c549fc003e69dd4ec2d47d073d08c8465e006d1da163,1730852783,2024-11-06
AntPool,https://www.antpool.com/,9d96c803a24a52125ab26b4802c8ea9ef328e7660d1a834d6a3a29e678dede74,1730854468,2024-11-06
AntPool,https://www.antpool.com/,9944eaa252649d4160f2b33f3a7c6cda31c4d3fc4cb852bb98dcbbd7c49d461f,1730855535,2024-11-06
,,fe3f31759120c4d3b82b008c6823edfaa9a9d9e41cbaccb80a13a361f45e243b,1730855594,2024-11-06
AntPool,https://www.antpool.com/,b5e2fcd8b228bbc18dd6586f9b6be05b0937634f616bda3f4b3a5749cf07fb68,1730855933,2024-11-06
AntPool,https://www.antpool.com/,9df39576331ebde67539cfe7f6e08b51e1bf6bbac70bdfd4516f2612aee87c1e,1730856018,2024-11-06
F2Pool,https://www.f2pool.com/,07cd0ca0dba655dd82ae1acda1096bdd87218c9808bce1a2f7ff7c6962b3681d,1730857030,2024-11-06
ViaBTC,https://viabtc.com,ba5f480b1ae62dca21dae1e8883dd51a5483b480a6bb7b78c7893f64ea48dca7,1730857430,2024-11-06
Foundry USA,https://foundrydigital.com/,6089a52fb15d3bcbb38772dd2d9514283a6117ef9fb3db5acd203b3cabc89324,1730858283,2024-11-06
AntPool,https://www.antpool.com/,d539c02552cf569edaf8421eb3a330c848509bce44894bb9109c4965206b0ea0,1730858980,2024-11-06
ViaBTC,https://viabtc.com,0968c77093fc2df15efe97b33834e4d1d0a0056831b04c8d40cfc9343f1edae2,1730859209,2024-11-06
Foundry USA,https://foundrydigital.com/,7da749939797370b5d3d0737f8d33eca4c34899ab711fbf87cadaa48ef952b7f,1730860293,2024-11-06
Foundry USA,https://foundrydigital.com/,c624611c5b04052445a05d86df971a39ea2a743bc1809d8afed2481f1b80e85b,1730860589,2024-11-06
ViaBTC,https://viabtc.com,017bca48f86f3d31e71c27d8f79637ff318dbc4220d7bdec5dfebe2ad7248fce,1730860652,2024-11-06
AntPool,https://www.antpool.com/,a531e9f030c76717e7c8e38eb0acecbf2cdd7c46cfeb934f8b2a062b02bca810,1730861055,2024-11-06
AntPool,https://www.antpool.com/,d307985e9d0f953f2184ebf823ea70b38b763091b94a84a5305eef2aa562037c,1730863436,2024-11-06
,,f98e4091681b711e51339b5884d5d343c5771264e70c43909eaccb499f8203a0,1730863987,2024-11-06
Foundry USA,https://foundrydigital.com/,cb0a62a2723199d2e6027dc32e0ac34307b9faded075b23de5b35d7d4cd53704,1730865719,2024-11-06
